<?xml version="1.0" encoding="utf-8" ?>
<component name="VideoDetailsContainer" extends="Group">

<script type="text/brightscript" >
<![CDATA[
    function init()
                m.VideoDetails = m.top.findNode("VideoDetails")
                m.LabelList = m.top.findNode("LabelList")
        end function

    function onKeyEvent(key as String, press as Boolean) as Boolean  
            handled = false
            
            if press then
                if m.VideoDetails.visible
                    m.LabelList.setFocus(true)
                end if
            end if
            return false
        end function
    ]]>
</script>
  <children>
    <Group id="VideoDetails">
      <Label id="Title" font="font:MediumBoldSystemFont" translation="[750, 250]" width="850" />

      <LabelList
        id="LabelList"
        vertFocusAnimationStyle="fixedFocusWrap"
        translation="[800,325]"
        itemSize="[600,48]"
        color="#222222"
        focusedColor="#222222">
        <ContentNode id="Labels" role="content">
          <ContentNode title="Play from start"/>
        </ContentNode>
      </LabelList>

      <Rectangle
        color="#111111"
        width="400"
        height="300"
        translation="[293,243]"
        opacity=".9" />

      <Poster
        id="Image"
        width="386"
        height="286"
        translation="[300,250]"/>

      <Label
        id="CategoryLabel"
        font="font:LargeBoldSystemFont"
        translation="[300, 600]" />

      <Label
        id="Details"
        width="1300"
        font="font:MediumBoldSystemFont"
        text="PUT DETAILS TEXT HERE"
        wrap="true"
        translation="[300,675]" />

      <Label
        id="RuntimeLabel"
        text="Video Length:"
        font="font:LargeBoldSystemFont"
        translation="[300,875]" />
    </Group>
    <Video
     id="Video"
      width="1920"
      height="1080"
      translation="[0,0]"
      visible="false"/>
  </children>

  <!-- <script type="text/brightscript" uri="pkg:/components/generalUtils.brs"/> -->
</component>
